-- MySQL dump 10.13  Distrib 5.7.17, for Win64 (x86_64)
--
-- Host: 127.0.0.1    Database: p_inzynierski
-- ------------------------------------------------------
-- Server version	5.7.20-log

/*!40101 SET @OLD_CHARACTER_SET_CLIENT=@@CHARACTER_SET_CLIENT */;
/*!40101 SET @OLD_CHARACTER_SET_RESULTS=@@CHARACTER_SET_RESULTS */;
/*!40101 SET @OLD_COLLATION_CONNECTION=@@COLLATION_CONNECTION */;
/*!40101 SET NAMES utf8 */;
/*!40103 SET @OLD_TIME_ZONE=@@TIME_ZONE */;
/*!40103 SET TIME_ZONE='+00:00' */;
/*!40014 SET @OLD_UNIQUE_CHECKS=@@UNIQUE_CHECKS, UNIQUE_CHECKS=0 */;
/*!40014 SET @OLD_FOREIGN_KEY_CHECKS=@@FOREIGN_KEY_CHECKS, FOREIGN_KEY_CHECKS=0 */;
/*!40101 SET @OLD_SQL_MODE=@@SQL_MODE, SQL_MODE='NO_AUTO_VALUE_ON_ZERO' */;
/*!40111 SET @OLD_SQL_NOTES=@@SQL_NOTES, SQL_NOTES=0 */;

--
-- Table structure for table `forma_zatrudniena`
--

DROP TABLE IF EXISTS `forma_zatrudniena`;
/*!40101 SET @saved_cs_client     = @@character_set_client */;
/*!40101 SET character_set_client = utf8 */;
CREATE TABLE `forma_zatrudniena` (
  `id_forma_zatrudnienia` int(11) NOT NULL,
  `nazwa` varchar(255) DEFAULT NULL,
  PRIMARY KEY (`id_forma_zatrudnienia`)
) ENGINE=InnoDB DEFAULT CHARSET=utf8;
/*!40101 SET character_set_client = @saved_cs_client */;

--
-- Dumping data for table `forma_zatrudniena`
--

LOCK TABLES `forma_zatrudniena` WRITE;
/*!40000 ALTER TABLE `forma_zatrudniena` DISABLE KEYS */;
/*!40000 ALTER TABLE `forma_zatrudniena` ENABLE KEYS */;
UNLOCK TABLES;

--
-- Table structure for table `forma_zatrudnienia`
--

DROP TABLE IF EXISTS `forma_zatrudnienia`;
/*!40101 SET @saved_cs_client     = @@character_set_client */;
/*!40101 SET character_set_client = utf8 */;
CREATE TABLE `forma_zatrudnienia` (
  `id_forma_zatrudnienia` int(11) NOT NULL AUTO_INCREMENT,
  `nazwa` varchar(20) COLLATE utf32_polish_ci NOT NULL,
  PRIMARY KEY (`id_forma_zatrudnienia`)
) ENGINE=InnoDB AUTO_INCREMENT=6 DEFAULT CHARSET=utf32 COLLATE=utf32_polish_ci;
/*!40101 SET character_set_client = @saved_cs_client */;

--
-- Dumping data for table `forma_zatrudnienia`
--

LOCK TABLES `forma_zatrudnienia` WRITE;
/*!40000 ALTER TABLE `forma_zatrudnienia` DISABLE KEYS */;
INSERT INTO `forma_zatrudnienia` VALUES (1,'Dowolne'),(2,'Pełny etat'),(3,'Część etatu'),(4,'Praca czasowa'),(5,'Kontrakt');
/*!40000 ALTER TABLE `forma_zatrudnienia` ENABLE KEYS */;
UNLOCK TABLES;

--
-- Table structure for table `hibernate_sequence`
--

DROP TABLE IF EXISTS `hibernate_sequence`;
/*!40101 SET @saved_cs_client     = @@character_set_client */;
/*!40101 SET character_set_client = utf8 */;
CREATE TABLE `hibernate_sequence` (
  `next_val` bigint(20) DEFAULT NULL
) ENGINE=InnoDB DEFAULT CHARSET=utf8;
/*!40101 SET character_set_client = @saved_cs_client */;

--
-- Dumping data for table `hibernate_sequence`
--

LOCK TABLES `hibernate_sequence` WRITE;
/*!40000 ALTER TABLE `hibernate_sequence` DISABLE KEYS */;
INSERT INTO `hibernate_sequence` VALUES (1);
/*!40000 ALTER TABLE `hibernate_sequence` ENABLE KEYS */;
UNLOCK TABLES;

--
-- Table structure for table `kategoria`
--

DROP TABLE IF EXISTS `kategoria`;
/*!40101 SET @saved_cs_client     = @@character_set_client */;
/*!40101 SET character_set_client = utf8 */;
CREATE TABLE `kategoria` (
  `id_kategoria` int(11) NOT NULL AUTO_INCREMENT,
  `nazwa` varchar(40) COLLATE utf32_polish_ci NOT NULL,
  PRIMARY KEY (`id_kategoria`)
) ENGINE=InnoDB AUTO_INCREMENT=33 DEFAULT CHARSET=utf32 COLLATE=utf32_polish_ci;
/*!40101 SET character_set_client = @saved_cs_client */;

--
-- Dumping data for table `kategoria`
--

LOCK TABLES `kategoria` WRITE;
/*!40000 ALTER TABLE `kategoria` DISABLE KEYS */;
INSERT INTO `kategoria` VALUES (1,'Administracja biurowa'),(2,'Doradztwo/Konsulting'),(3,'Badania i rozwój'),(4,'Bankowość'),(5,'BHP / Ochrona środowiska'),(6,'Budownictwo'),(7,'Call Center'),(8,'Edukacja / Szkolenia'),(9,'Finanse /Ekonomia'),(10,'Franczyzna / Własny biznes'),(11,'Hotelarstwo / Turystyka / Gastronomia'),(12,'Zasoby  ludzkie'),(13,'Nowe media'),(14,'Inżynieria'),(15,'IT- Administracja'),(16,'IT-Rozwoj oprogramowania'),(17,'Łancuch dostaw'),(18,'Marketing'),(19,'Media / Sztuka / Rozrywka'),(20,'Nieruchomości'),(21,'Prawo'),(22,'Produkcja'),(23,'Reklama / Grafika / Kreacja / Fotografia'),(24,'Sektor publiczny'),(25,'Sprzedaż'),(26,'Transport /Spedycja'),(27,'Ubezpieczenia'),(28,'Zakupy'),(29,'Kontrola jakości'),(30,'Zdrowie / Uroda / Rekreacja'),(31,'Energetyka'),(32,'Inne');
/*!40000 ALTER TABLE `kategoria` ENABLE KEYS */;
UNLOCK TABLES;

--
-- Table structure for table `ogloszenie`
--

DROP TABLE IF EXISTS `ogloszenie`;
/*!40101 SET @saved_cs_client     = @@character_set_client */;
/*!40101 SET character_set_client = utf8 */;
CREATE TABLE `ogloszenie` (
  `id_ogloszenie` int(11) NOT NULL AUTO_INCREMENT,
  `id_uzytkownik` int(11) NOT NULL,
  `id_kategoria` int(11) NOT NULL,
  `id_forma_zatrudnienia` int(11) NOT NULL,
  `id_stanowisko` int(11) NOT NULL,
  `tytul` varchar(50) COLLATE utf32_polish_ci NOT NULL,
  `lokalizacja` varchar(50) COLLATE utf32_polish_ci NOT NULL,
  `zarobki` int(11) NOT NULL,
  `opis` text COLLATE utf32_polish_ci NOT NULL,
  PRIMARY KEY (`id_ogloszenie`)
) ENGINE=InnoDB AUTO_INCREMENT=55 DEFAULT CHARSET=utf32 COLLATE=utf32_polish_ci;
/*!40101 SET character_set_client = @saved_cs_client */;

--
-- Dumping data for table `ogloszenie`
--

LOCK TABLES `ogloszenie` WRITE;
/*!40000 ALTER TABLE `ogloszenie` DISABLE KEYS */;
INSERT INTO `ogloszenie` VALUES (2,1,6,2,6,'Zatrudnię murarza','Rzeszów',3400,'Zatrudnię murarza.  Praca na terenie podkarpacia. Na okres próbny umowa zlecenie, a następnie umowa o pracę. '),(3,1,6,2,6,'Zatrudnię tynkarza','Łódź',2900,'Zatrudnię na stanowisku tynkarza maszynowego. Praca głownie w woj. łódzkim'),(4,1,1,1,1,'TestDodawania','Rzeszów',3467,'Test dodawania ogloszenia'),(5,1,8,3,3,'ddsdfdsddsds','dsdssdsdds',240000,'dssssssssc'),(6,1,1,2,3,'Komunikatywna dziewczyna w dziale kontroli!:)','Kraków',2500,'Dołącz do zgranego zespołu w dziale monitoringu!  Jesteśmy fajnym zespołem, niezwykle komunikatywnych dziewczyn, które z zaangażowaniem wykonują swoje obowiązki. Jeżeli sądzisz, że nie brak Ci zapału, determinacji, a przede wszystkim posiadasz silny charakter i duże pokłady pozytywnej energii, to koniecznie aplikuj i rozpocznij z Nami pracę pełną wyzwań!  Do Twoich obowiązków należeć będzie: monitorowanie pracy podległego zespołu umiejętność efektywnej motywacji stały kontakt z menadżerem analiza wyników pracy  Nasze wymagania: przede wszystkim komunikatywność i zaangażowanie dyspozycyjność 5 dni w tygodniu to wszystko czego oczekujemy, reszty nauczymy Cię w trakcie szkoleń wdrażających!:)  Oferujemy: atrakcyjne wynagrodzenie- podstawa 2500 tysiąca netto możliwość ciągłego rozwoju pracę stacjonarną w Naszym biurze w centrum miasta pozytywną atmosferę w pracy  Jeżeli zainteresowała Cię powyższa oferta, prosimy o przesłanie CV wraz z klauzulą o Ochronie Danych Osobowych.  Informujemy, że skontaktujemy się tylko z wybranymi kandydatami.'),(7,1,1,2,3,'Pracownik biurowy-likwidacja szkód','Częstochowa',3000,'Serwis Samochodowy poszukuje osoby na stanowisko:  Pracownik biurowy -likwidacja szkód komunikacyjnych  Wybrana osoba będzie odpowiedzialna za: • obsługę klienta w zakresie likwidacji szkody • współpracę z towarzystwami ubezpieczeniowymi • wynajem i rozliczenie samochodów zastępczych  Nasze oczekiwania : • znajomość procedur związanych z obsługą szkód komunikacyjnych mile widziana • znajomość branży motoryzacyjnej • ogólna znajomość ubezpieczeń komunikacyjnych • komunikatywność i dokładność w wykonywaniu powierzonych obowiązków • znajomość obsługi komputera w zakresie pakietu MS Office  • prawa jazdy kat.B   Osoby zainteresowane prosimy o przesyłanie CV na adres email.'),(8,1,2,2,3,'Specjalista ds. Wycen i Modelowania Finansowego','Warszawa',7000,'Dla naszego klienta, prestiżowej firmy doradczej, poszukujemy osoby zainteresowanej objęciem stanowiska Specjalisty ds. wycen i modelowania finansowego. Najważniejsze obowiązki:  przygotowywanie modeli biznesowych oraz wycen szerokiego zakresu usług, w tym: transakcje M&A, pozyskiwanie nowego finansowania lub ponowne finansowanie istniejącego długu współpraca z regionalnymi oraz globalnymi firmami aktywny udział w koordynacji całych procesów związanych z projektami wycen i modelowania finansowego uczestniczenie w innych działaniach w celu wykonania projektów prezentacja wyników Wymagania  1-2 lata doświadczenia w zakresie doradztwa finansowego bądź wyceny i modelowania wiedza z zakresu metod wyceny, sprawozdań finansowych i zasad rachunkowości certyfikat CFA/ACCA mile widziany bardzo dobra znajomość języka angielskiego doskonałe umiejętności analityczne, doskonałe umiejętności komunikacyjne i interpersonalne Korzyści  praca w międzynarodowym, renomowanym środowisku budżet roczny przeznaczony na szkolenia dofinansowanie oraz zachęcanie do ukończenia certyfikacji benefity pozapłacowe (opieka medyczna, karta sportowa, model work like balance) jasna ścieżka kariery'),(9,1,2,2,3,'Konsultant','Kraków',4000,'Osoba na tym stanowisku bedzie odpowiedzialna za:prowadzenie projektów w obszarze doradztwa podatkowego dla klientów o zasięgu lokalnym i międzynarodowym, przygotowywanie opinii oraz różnego rodzaju dokumentacji z zakresu prawa podatkowego w języku polskim i angielskim, budowanie relacji z klientami, bieżące doradztwo w zakresie prawa podatkowego.'),(10,1,3,2,3,'Inżynier wdrożeń systemów bezpieczeństwa OT','Warszawa',3500,'Dołącz do zespołu Risk Assurance (IT Security Technology Services), zajmującego się doradztwem i wdrażaniem technologicznych rozwiązań w zakresie bezpieczeństwa IT. Realizuj z nami projekty konsultingowe i wdrożeniowe w obszarze cyberbezpieczeństwa systemów automatyki (OT – Operational Technology) dla największych, międzynarodowych klientów w Polsce i za granicą   Warszawski zespół poszukuje kandydatów na stanowisko: Inżynier wdrożeń systemów bezpieczeństwa OT Miejsce pracy: Warszawa Profil kandydata   wykształcenie wyższe techniczne (preferowane: kierunek informatyka lub automatyka), minimum dwuletnie doświadczenie zawodowe w obszarze zarządzania lub wdrażania systemów automatyki przemysłowej, wiedza i doświadczenie w obszarze IT, znajomość specyfiki systemów OT: architektury systemów SCADA, DCS znajomość protokołów przemysłowych (np. modbus) znajomość standardów (NIST 800-82, ISA-95/ IEC 62264, ISA-99/IEC 62443) znajomość podstaw administracji systemami Linux lub Windows, znajomość podstaw działania sieci komputerowych, bardzo dobra znajomość j. angielskiego, umiejętność pisania dokumentów o charakterze raportów, analiz, dokumentacji technicznej w języku polskim i angielskim, wysokie umiejętności analityczne, interpersonalne i komunikacyjne, zainteresowanie tematyką bezpieczeństwa teleinformatycznego.  Rola  realizacja zadań wdrożeniowych systemów cyberbezpieczeństwa różnych producentów w obszarze automatyki przemysłowej, analiza i rozwiązywanie problemów technicznych dotyczących systemów cyberbezpieczeństwa, Linux, Windows i sieci komputerowych, tworzenie dokumentacji technicznej dotyczącej realizowanych prac.  Oferta  możliwość udziału w największych i najbardziej prestiżowych projektach w branży, przeprowadzanych dla klientów w Polsce i za granicą, możliwość kreowania innowacyjnego podejścia do zagadnień cyberbezpieczeństwa w OT, dostęp do nowoczesnych rozwiązań technologicznych, pracę z najlepszymi specjalistami z branży, możliwość zdobywania doświadczenia i uczenia się od najlepszych, konkurencyjny na rynku, bogaty pakiet benefitów i świadczeń socjalnych, możliwość odbywania dodatkowych szkoleń, szansa rozwoju osobistego.'),(11,1,3,2,2,'Kierownik Projektów','Poznań',7500,'Jesteśmy firmą doradczą działającą na styku obszarów logistyki, zarządzania projektami, Lean Management i analityki biznesowej. Aktualnie wspieramy duże firmy produkcyjne i handlowe, dla których prowadzimy projekty mające na celu:  oszczędności w obszarze transportu usprawnienie procesu magazynowego usprawnienie procesu dostaw na linię produkcyjną poprawę jakości planowania i prognozowania podniesienie poziomu obsługi klienta redukcję poziomu zapasów wyrobów i surowców Kierownik Projektów  Miejsce pracy: Poznań Region: wielkopolskie Kierownik Projektów z umiejętnościami interpersonalnymi  Zakres obowiązków  Prowadzenie projektów logistycznych za pomocą metodyki projektowej (PRINCE2/DMAIC/AGILE) Prowadzenie audytów logistycznych (logistyka magazynowa, zarządzanie procesami logistycznymi) Przygotowywanie prezentacji dla Członków Zarządu i Właścicieli Procesów Prowadzenie spotkań w ramach realizacji projektu/audytu Przygotowywanie analiz (głównie na bazie Excela), wniosków z obserwacji i wizualizacja wyników Planowanie przebiegu projektu (planowanie spotkań, wydarzeń projektowych/audytowych, nadzór nad harmonogramem) Raportowanie wyników przebiegu projektu za pomocą platformy SharePoint Efektywne zarządzenie Zespołem Projektowym Wymagania   Prawo jazdy kat. B Znajomość języka angielskiego na poziomie C1 2-3 letnie doświadczenie na stanowisku Kierownik Projektu, KAM lub podobnym Doświadczenie w obszarze logistyki, zarządzania projektami, Lean Management Gotowość do pracy na terenie całego kraju Kompetencje twarde  Umiejętność analizowania danych i tworzenia raportów w MS Excel Znajomość podstaw statystyki (MiniTab lub inny program statystyczny będzie dodatkowym atutem) Biegła znajomość programów Outlook, Power Point, Excel, Word Kompetencje komunikacyjne  Umiejętność właściwego przedstawienia prezentacji przed Klientem Umiejętność dobrej organizacji pracy Umiejętność poszukiwania rozwiązań i korzystania ze swoich doświadczeń Umiejętność samodzielnego zarządzania w ramach bieżącej współpracy z Klientem Kultura osobista i łatwość w nawiązywaniu kontaktów Umiejętność komunikowania się, budowania i rozwijania relacji z Klientem (w tym identyfikacja i zrozumienie potrzeb Klienta) Oferujemy   Pełną wyzwań pracę w dynamicznie rozwijającej się firmie Możliwość rozwoju i pogłębienie umiejętności zawodowych oraz szansę na realizację własnych pasji Atrakcyjne wynagrodzenie Pracę w oparciu o umowę współpracy Dofinansowanie prywatnej opieki medycznej Narzędzia do pracy (laptop i telefon służbowy) Osoby zainteresowane prosimy o przesyłanie aplikacji klikając w przycisk aplikowania.  Prosimy o zawarcie w CV klauzuli: „Wyrażam zgodę na przetwarzanie danych osobowych zawartych w mojej ofercie pracy dla potrzeb niezbędnych do realizacji procesu rekrutacji prowadzonego przez SMART Project Rokicki Śliwka Sp.j. z siedzibą w Poznaniu zgodnie z ustawą z dnia 29 sierpnia 1997 r. o ochronie danych osobowych (t.j. Dz. U. z 2016 r., poz. 922)”.'),(12,1,4,2,3,'Księgowy - Analityk funduszy inwestycyjnych','Poznań',4500,'Dział księgowości rozliczeń Investment Accounting firmy Franklin Templeton Investment wspiera procesy w obszarze księgowości funduszy inwestycyjnych. Do głównych aktywności należy procesowanie transakcji rozliczeniowych oraz uzgadnianie stanów ksiąg rachunkowych z bankiem depozytariuszem zgodnie z procedurami wewnętrznymi w celu przygotowania danych do kalkulacji wartości aktywów netto funduszy inwestycyjnych.  Praca w międzynarodowym środowisku Firmy Franklin Templeton daje możliwość szkoleń oraz pogłębiania wiedzy w zakresie księgowości funduszy, a także zdobycia wyjątkowej wiedzy o rynkach kapitałowych i instrumentach finansowych.   Opis stanowiska:  Uzgadnianie wyciągów bankowych z wewnętrznymi systemami księgowymi. Monitorowanie rozliczeń należności i zobowiązań funduszu. Analiza zapisów księgowych w księgach funduszy. Sprawdzanie zgodności pozycji w aktywach funduszy. Przygotowywanie operacji zamknięcia miesiąca. Przygotowywanie raportów cashflow. Przygotowywanie okresowych raportów na potrzeby audytowe, podatkowe. Udział w projektach oraz współpraca z innymi działami. Analiza danych oraz bieżące raportowanie. Poprawna i terminowa realizacja zadań zgodnie z procedurami wewnętrznymi. Idealny kandydat:  Posiada wykształcenie wyższe ekonomiczne lub matematyczne. Zna ogólne zasady rachunkowości (mile widziane doświadczenie w księgowości). Potrafi swobodnie posługiwać się językiem angielskim. Jest dokładny, skrupulatny i obowiązkowy. Jest komunikatywny i umie pracować w zespole. Potrafi dobrze organizować swoją pracę. Umie pracować pod presją czasu, w ściśle określonych terminach. Zna pakiet Microsoft Office. Jest chętny do pracy w standardowych godzinach. Oferujemy:  Pracę w dużej i stabilnej firmie o globalnym zasięgu. Atrakcyjną lokalizację w centrum Poznania (Andersia Tower lub Malta Office). Bogaty pakiet socjalny: ubezpieczenie medyczne, ubezpieczenie grupowe, programy: Employee Assistance, Employee Stock Investment Plan, karta MultiSport. Stabilne warunki zatrudnienia. Imprezy integracyjne. Siłownię w biurze. Przyjazne i wspierające środowisko pracy. Udział w międzynarodowych projektach. Możliwość wdrażania/wsparcia inicjatyw charytatywnych.'),(13,1,4,2,3,'Korporacyjnego w Centrum Bankowości Korporacyjnej','Kielce',3700,'Podstawą działania ING Banku Śląskiego jest współpraca i otwartość na różnorodność. Rozwijamy się dzięki skutecznemu działaniu i wychodzeniu z inicjatywą. Jeśli chcesz wprowadzać z nami zmiany i usprawnienia, zapraszamy do aplikowania.   W naszym zespole będziesz odpowiedzialny/a za: Aktywne pozyskiwanie Klientów z segmentu dużych firm (powyżej 40 mln przychodu rocznie) Budowanie i utrzymywanie partnerskich relacji z Klientami korporacyjnymi Dbałość o jakość portfela z uwzględnieniem rentowności Rozpoznawanie bieżących i przyszłych potrzeb Klienta, dopasowanie oferty produktowej oraz negocjowanie warunków współpracy Zapewnianie najwyższej jakości doradztwa i obsługi Realizację planu sprzedażowego (produkty kredytowe, ABL, Cash Management) Od kandydatów oczekujemy: Pozytywnego nastawienia do ludzi, otwartości i odwagi w poszukiwaniu oraz budowaniu kontaktów Odpowiedzialności, inicjatywy, samodzielności i konsekwencji w działaniu Umiejętności szybkiego uczenia się i chęci rozwoju kompetencji niezbędnych na stanowisku Zdolności analitycznego myślenia i generowania niestandardowych rozwiązań Doświadczenia w pracy związanej ze sprzedażą produktów i usług bankowych w segmencie średnich i dużych przedsiębiorstw Praktycznej wiedzy z zakresu kredytowania i analizy finansowej Wykształcenia wyższego - preferowane ekonomiczne Prawa jazdy kat. B'),(14,1,5,2,3,'Specialista BHP','Radom',3000,'Opis stanowiska:  Analiza stanu bezpieczeństwa pracy w zakładzie, proponowanie i wprowadzanie zmian mających na celu poprawę bezpieczeństwa pracy Prowadzenie audytów z zakresu BHP w kraju i za granicą Opracowywanie i wdrażanie regulaminów, instrukcji oraz standardów postępowań w zakresie   przepisów BHP Opracowywanie i nadzorowanie dokumentacji z zakresu BHP wynikających z przepisów prawnych oraz wewnętrznych potrzeb firmy Inicjowanie i realizacja działań mających na celu budowanie kultury bezpieczeństwa wśród pracowników, w szczególności mającej na celu eliminację wypadków i zagrożeń wypadkowych. Zapewnienie wsparcia merytorycznego dla całej organizacji. Przeprowadzanie szkoleń z zakresu BHP Nadzorowanie oraz zlecanie przeprowadzenia badań czynników szkodliwych dla zdrowia Współpraca w zakresie przeprowadzania badań profilaktycznych pracowników Realizowanie zadań związanych z wypadkami przy pracy Wymagania:  Wykształcenie wyższe o kierunku lub specjalności w zakresie bezpieczeństwa i higieny pracy lub wykształcenie wyższe + studia podyplomowe w zakresie bezpieczeństwa i higieny pracy Minimum 3-letnie doświadczenie zawodowe w Służbie BHP w zakładzie produkcyjnym Praktyczna znajomość przepisów, wymogów prawnych i norm z zakresu BHP Mile widziane uprawnienia Inspektora Ochrony Przeciwpożarowej Bardzo dobra znajomość języka angielskiego (codzienna komunikacja) Znajomość pakietu MS Office Gotowość do wyjazdów służbowych Prawo jazdy kat. B Wysokie umiejętności komunikacyjne Samodzielność i umiejętność organizacji własnej pracy Zainteresowane osoby prosimy o przesyłanie aplikacji (cv i list motywacyjny) klikając w przycisk Aplikuj.  Jednocześnie wszystkich Państwa uprzejmie informujemy, iż skontaktujemy się jedynie z wybranymi kandydatami.'),(15,1,5,2,3,'Specjalista ds. BHP','Środa Wielkopolska',4000,'Osoba zatrudniona na powyższym stanowisku będzie odpowiedzialna między innymi za: kontrolowanie warunków pracy, informowanie o stwierdzonych zagrożeniach, opracowywanie i wdrażanie planów poprawy w zakresie bezpieczeństwa pracy, nadzorowanie terminów, zakresu i sposobu przeprowadzania pomiarów czynników szkodliwych i uciążliwych na stanowiskach pracy, dokonywanie oraz aktualizacja oceny ryzyka zawodowego, realizowanie zadań wynikających z procedur związanych z wypadkami przy pracy, prowadzenie szkoleń wstępnych i dokumentacji związanej z szkoleniami BHP, współpraca z innymi działami firmy oraz instytucjami zewnętrznymi w ramach zagadnień BHP  i PPOŻ. Nasze oczekiwania wobec Kandydatów: wykształcenie wyższe kierunkowe lub ukończone studia podyplomowe zakresu z BHP, minimum dwuletnie doświadczenie w pracy na stanowisku o podobnym zakresie zadań  w firmie produkcyjnej, znajomość przepisów z zakresu bezpieczeństwa i higieny pracy, ochrony przeciwpożarowej, prawa pracy, znajomość technicznych aspektów bezpieczeństwa pracy, umiejętność obiektywnej analizy  i oceny sytuacji, uprawnienia Inspektora / Specjalisty PPOŻ będą dodatkowym atutem, praktyczna znajomość pakietu MS Office (zwłaszcza programu Excel, Access), prawo jazdy kat. B, dobra organizacja pracy, samodzielność, dokładność, terminowość, inicjatywa, umiejętność pracy w zespole, uczciwość. Naszym Pracownikom oferujemy: zatrudnienie w dynamicznie rozwijającej się firmie, możliwość rozwoju zawodowego, przyjazną atmosferę pracy.'),(16,1,6,2,3,'Kierownik kontraktu','Nadrenia- Północna Westfalia',10000,'Opis stanowiska: Nadzór nad realizacją kontraktu Kierowanie i koordynowanie pracy zespołu pracowników Prowadzenie dokumentacji realizowanego projektu Rozlicznie finansowe kontraktu Wymagania: Doświadczenie przy wykonywaniu zbiorników, rurociągów i urządzeń ze stali nierdzewnej Język niemiecki na poziomie dobrym Wykształcenie minimum średnie techniczne Oferujemy: Umowę o pracę Komfortowe zakwaterowanie Samochód służbowy W pełni opłacone media Szybie łącze internetowe Telefon z rozmowami do Polski w abonamencie'),(17,1,6,2,6,'Pracownik fizyczny','Warszawa',3500,'Opis stanowiska pracy:  Praca fizyczna - budowlana (umiejętność pracy w grupie) Montaż kantówek drewnianych w dnie wykopu sukcesywnie z postępem robót ziemnych mechanicznych (przy koparce) Wykonywanie ręcznych robót ziemnych (w mniejszym zakresie niż mechaniczne) Pomoc przy mechanicznych rozładunkach materiału (przy dźwigu, koparce itp.) Mile widziane (nie wymagane):  Prawo jazdy kat. B Umiejętności spawalnicze Czytanie rysunków technicznych Obsługa niwelatora Wymagania:  Odpowiedzialność Dyspozycyjność Dokładność Brak przeciwwskazań do pracy w wykopach budowalnych Oferujemy:  Atrakcyjne wynagrodzenie Stabilne zatrudnienie (umowa o pracę - długa współpraca) Ubrania BHP W wymagalnym przypadku zakwaterowanie i dojazd do pracy Szkolenia i badania'),(18,1,7,2,3,'Konsultant - Przedstawiciel handlowy','Poznań',4500,'Tym będziesz się zajmować:  aktywna sprzedaż przez telefon usług oferowanych przez Rhenus Data Office budowanie i utrzymywanie relacji z bieżącymi partnerami biznesowymi analiza potrzeb klientów w obszarze świadczonych usług/rozwiązań w celu przygotowania indywidualnych ofert handlowych monitorowanie działań konkurencji oraz wdrażanie nowych strategii rozwoju Tego oczekujemy od Ciebie:   wykształcenie średnie lub wyższe, znajomość nowoczesnych technik sprzedaży i negocjacji handlowych dobrze rozwinięte umiejętności prowadzenia rozmów handlowych przez telefon komunikatywność i umiejętność budowania relacji samodzielność i pewność siebie oraz determinacja do osiągania celów wysoka kultura osobista i biznesowa odporność na stres prawo jazdy Dla Ciebie mamy:  pracę na wspaniale rozwijającym się rynku, w dynamicznym przedsiębiorstwie o wysokiej kulturze organizacyjnej, gdzie doceniane jest zaangażowanie, kreatywność i efekty zatrudnienie w oparciu o umowę o pracę oraz motywacyjny system wynagrodzeń podnoszenie kwalifikacji zawodowych połączone z możliwością awansu zawodowego'),(19,1,7,2,3,'Konsultant ds. Likwidacji Szkód ','Gdańsk',5600,'Zakres obowiązków:  Obsługa połączeń przychodzących oraz korespondencji elektronicznej, związanych ze szkodą komunikacyjną Wymagania:  Wykształcenie minimum średnie Sprawnej obsługi pakietu MS Office Łatwość nawiązywania kontaktów z ludźmi Wysoko rozwiniętych umiejętności komunikacyjnych Umiejętność pracy w zespole Umiejętność pracy pod presją czasu Odpowiedzialność i zaangażowanie Znajomość branży motoryzacyjnej oraz procesu likwidacji szkód będzie dodatkowym atutem Mile widziane doświadczenie w Call Center Oferujemy:  Elastyczny czas pracy Umowę o pracę Pracę w młodym, dynamicznym zespole Przyjazną atmosferę pracy Możliwość rozwoju zawodowego Atrakcyjny system prowizyjny Zainteresowane osoby prosimy o przesłanie aplikacji (CV i list motywacyjny) wyłącznie w formie elektronicznej w terminie 14 dni od daty ukazania się ogłoszenia, klikając przycisk APLIKUJ  z dopiskiem: „Konsultant ds. Likwidacji Szkód w Zespole Call Center”.'),(20,1,8,2,1,'Regionalny Dyrektor Sprzedaży','Warszawa',6500,'Zakres obowiązków:  Wsparcie sprzedaży funduszy inwestycyjnych w sieciach dystrybucji. Realizacja planów sprzedażowych. Przygotowywanie i prowadzenie szkoleń. Budowanie pozytywnego wizerunku firmy. Budowanie relacji z pracownikami podległej sieci dystrybucji. Wymagania:  5-letnie doświadczenie w sprzedaży produktów inwestycyjnych. Znajomość zagadnień związanych z rynkiem kapitałowym. Doświadczenie w obsłudze klientów zamożnych. Prawo jazdy kategorii B. Znajomość języka angielskiego. Wykształcenie ekonomiczne.  Oczekiwania i preferowane kompetencje:  Gotowość do częstych podróży służbowych. Praca pod presją czasu. Kreatywność. Umiejętność radzenia sobie w sytuacjach kryzysowych. Samodzielność i realizacja powierzonych zadań. Znajomość zagadnień trenerski. Doświadczenie pracy w sektorze bankowym lub inwestycyjnym. Planowanie i zarządzanie czasem. Wysoka auto motywacja. Oferujemy:  Umowę o pracę. Szereg benefitów (m.in. opieka medyczna, program emerytalny, dodatkowe ubezpieczenie na życie). Możliwość zdobycia doświadczenia w nowoczesnej organizacji o ugruntowanej pozycji na rynku. Przyjazną, wspierającą atmosferę pracy.'),(21,1,8,2,3,'Sales Trainer','Łódź ',12000,'Are you inquisitive and self-driven? Will you make a difference to our company and your colleagues around you? If the answer is yes, then we’d like to hear from you.  We are looking to recruit a passionate person for Sales Trainer position who has/is: minimum 2 years work experience as Trainer/Sales Trainer (previous work experience in sales department will be nice to have), work experience in FMCG, B2B, small appliances, pharma / medical devices or insurance branches will be an added value, experience in creating and conducting training programs and coaching for sales department, knowledge of sales techniques, leader with high ability to motivate and drive business partners, excellent communicator demonstrating effective verbal and written communication skills in both Polish and English, team player working as part of a team of professionals from sales department, well organized, assertive with wide perspective, driving license cat. B is a must. RISE TO THE CHALLENGE  Philip Morris Polska Distribution Sp. z o.o. (PMPL-D) is seeking talented people to join our team as Sales Trainer. Successful candidates will have an opportunity to: along with Regional Sales Managers identify and define training needs and competency gaps among sales team members, supporting managers them in reaching business objectives, conduct training programs in class and coaching in the field for representatives of sales department, create and implement training programs, adopt global programs to local requirements, monitor, challenge status quo and develop further training standards in order to boost performance of the sales team. WE OFFER Possibility to working in international company Possibility to participating in projects concerning changes in company Attractive social package Friendly atmosphere Interesting and clear career path Necessary tools (car, computer, mobile phone) FIND A NEW PATH  Our company offers you a fresh perspective. Here, you will never stop exploring and discovering. We take on-the-job learning to another level, giving you every opportunity to develop your career and reach your full potential. This position will advance your experience in commercial analysis giving you a possibility to step up in the future.  JOIN A GLOBAL MARKET LEADER  Philip Morris International Inc. (PMI) is the leading international tobacco company, with seven of the world’s top 15 brands, including the number one cigarette brand worldwide. PMI’s products are sold in more than 180 markets. In 2013, the company held an estimated 15.7% share of the total international cigarette market outside of the U.S., or 28.2% excluding the People’s Republic of China and the U.S. PMI is an Equal Opportunity Employer. For more information, see www.pmi.com.   PMPL-D with its registered seat in Krakow and office in Warsaw is a part of PMI in Poland, leading company on the polish market. PMPL-D is focused on sales and distribution of tobacco products for the domestic market. The affiliates of PMI in Poland employ overall approximately 3000 people.'),(22,1,9,2,3,'Księgowy z językiem angielskim','Łódź ',4500,'Zakres obowiązków: Wprowadzanie przelewów do systemu bankowego Weryfikacja poprawności wprowadzonych przelewów Sprawdzanie i uzgadnianie sald Utrzymywanie profesjonalnych kontaktów z klientami Księgowanie dokonanych wpłat Prowadzenie dokumentacji oraz sporządzanie raportów Wymagania: Dobra znajomość języka angielskiego (poziom B2) Doświadczenie w pracy w obszarze księgowości / studia kierunkowe Umiejętność analitycznego myślenia i rozwiązywania problemów Znajomość pakietu MS Office  Nasz Klient oferuje: Możliwości rozwoju w dynamicznie rozwijającej się firmie Atrakcyjne wynagrodzenie oraz stabilne zatrudnienie w opraciu o umowę o pracę Pracę w dogodnej lokalizacji'),(23,1,9,2,3,'Młodszy Specjalista ds. Analizy Popytu','Warszawa',0,'Zadania: '),(24,1,10,2,3,'SPECJALISTA DS. EKSPANSJI','Warszawa',4500,'Eurocash Franczyza  to dynamicznie rozwijający się format prowadzący unikalny na polskim rynku model nowoczesnej franczyzy o nazwie Delikatesy Centrum. Zespół Eurocash Franczyza poszukuje obecnie kandydatów na powyższe stanowisko.  Kluczowe zadania:  pozyskiwanie nowych Franczyzobiorców dla sieci Delikatesy Centrum wyszukiwanie potencjalnych lokalizacji sklepów oraz ocena pod kątem standardów Sieci negocjacje warunków umów handlowych, umów najmu koordynowanie procesu otwarcia sklepu od strony handlowej i technicznej we współpracy z Franczyzobiorcą oraz innymi działami Eurocash Franczyza budowanie trwałych, długofalowych relacji z obecnymi oraz potencjalnymi Franczyzobiorcami Idealny kandydat powinien:  wysoki poziom orientacji na wyniki pracy umiejętności sprzedażowe, perswazyjne, umiejętność skutecznego argumentowania i przekonywania umiejętność prowadzenia negocjacji samodyscyplina oraz bardzo dobra organizacja własnego czasu pracy umiejętności i wiedza techniczna - z zakresu prac budowlano – remontowych, rysunek techniczny itp. lub łatwość przyswajania takich zagadnień minimum 2 letnie doświadczenie w pracy na mobilnym stanowisku sprzedażowym – jako Specjalista ds. Ekspansji lub Przedstawiciel Handlowy doświadczenie w branży spożywczej będzie dodatkowym atutem prawo jazdy kat. B Na tym stanowisku zapewniamy:  zatrudnienie w oparciu o umowę o pracę ciekawą, stabilną pracę w Grupie należącej do liderów branży FMCG wyzwania, umożliwiające rozwój własnych kompetencji duże możliwości rozwoju w strukturach firmy, ścieżkę awansu atrakcyjne, motywujące wynagrodzenie'),(25,1,11,2,3,'Recepcjonista / Recepcjonistka','Gdynia',3500,'Do podstawowych zadań należą:  czynności związane z przyjęciem gości do Hotelu Nadmorski**** prowadzenie rozliczenia finansowego pobytu gościa, wystawianie faktur VAT kształtowanie bardzo dobrych relacji z gościem, udzielanie pomocy oraz informacji dbałość o prawidłowy przekaz informacji do klientów wewnętrznych Hotelu Nadmorski**** realizowanie recepcyjnych rozliczeń dobowych Osoba zainteresowana powinna mieć stabilny i realny plan rozwoju własnej kariery zawodowej mocno związanej z branżą usług hotelowych świadczonych w otoczeniu biznesowym.  Potencjalnego kandydata powinno charakteryzować:  wykształcenie kierunkowe z zakresu hotelarstwa lub turystyki bardzo dobra znajomość języka angielskiego znajomość programów MS Office, mile widziana znajomość programu ReHot2 doświadczenie na podobnym stanowisku zdolność logicznego myślenia oraz umiejętność kojarzenia faktów zorientowanie na wysokie standardy obsługi empatia w budowaniu i utrzymaniu relacji z gośćmi Hotelu Nadmorski**** Warunki zatrudnienia:  praca w systemie dwuzmianowym od 7:00 do 19:00 i od 19:00 do 7:00  Pracodawca oferuje:  współpracę ze wsparciem doświadczonego kierownictwa skoncentrowaną na realizacji zadań atmosferę pracy stabilne zatrudnienie w profesjonalnym zespole możliwości rozwoju personalnego możliwość korzystania z benefitów oraz udogodnień oferowanych przez Hotel Nadmorski****  '),(26,1,11,1,6,'Pracownik restauracji','Wrocław',2500,'Opis stanowiska: Przygotowanie produktów np. burgerów, sałatek, napojów, deserów. Prace porządkowe i utrzymanie czystości na sali restauracyjnej oraz na terenie zewnętrznym wokół restauracji. Sprzedaż produktów – obsługa kasy fiskalnej, zestawianie i wydawanie zamówień. Prace magazynowe – uzupełnianie zapasów. Wymagania: Mile widziane doświadczenie w pracy na podobnym stanowisku. Aktualna książeczka do celów sanitarno-epidemiologicznych. Umiejętność pracy w zespole. Wysoka kultura osobista. Dyspozycyjność oraz chęć do pracy. Mile widziani pracownicy ze znajomością języka ukraińskiego! Oferujemy: Atrakcyjne wynagrodzenie! Zatrudnienie na umowę o pracę. Pracę zmianową w godzinach otwarcia baru. Elastyczny grafik dostosowany do Twoich potrzeb. Zniżki na produkty. Bogaty pakiet kafeteryjny do wyboru: karta MultiActive10, bilety do kina, teatru. Możliwość zakupu pakietu opieki medycznej po okazyjnej cenie. Dodatkowe informacje: PRACA OD ZARAZ! Kontakt telefoniczny: 77 543 18 40'),(27,1,12,2,3,'Młodszy Specjalista ds. kadr i płac','Warszawa',3400,'Jaka będzie Twoja rola w naszej firmie?  Prowadzenie dokumentacji kadrowo-płacowej dla pracowników prowadzonych klientów; Przygotowywanie list płac; Przygotowywanie miesięcznych deklaracji ZUS, PIT, PFRON, GUS; Wspieranie zespołu w kompleksowej obsłudze klientów krajowych i zagranicznych. Czego oczekujemy?  Wykształcenia wyższego; Co najmniej rocznego doświadczenia zawodowego na pokrewnym stanowisku; Doświadczenie zawodowe w firmie outsourcingu kadrowo-płacowego mile widziane; Dobrej znajomości języka angielskiego w mowie i piśmie (poziom B2); Znajomości zasad kalkulacji wynagrodzeń; Znajomości przepisów z zakresu PDOF, ubezpieczeń społecznych oraz prawa pracy; Dobrej znajomości MS Office. Ze swojej strony zaoferujemy Ci:  Umowę o pracę i stabilne zatrudnienie w dynamicznie rozwijającej się i renomowanej firmie; Bezpłatną prywatną opiekę medyczną; Prestiżową lokalizację w budynku Metropolitan; Elastyczny czas pracy (pracę rozpoczynamy dowolnie między 7 a 11). Rozwój, doświadczenie i awans:  Bezpłatne branżowe zajęcia Business English na terenie biura i w godzinach pracy; Solidne wsparcie w realizacji własnych celów zawodowych; Możliwość zdobycia doświadczenia w międzynarodowej firmie; Możliwość rozwoju i awansu. Coś „dla siebie”:  Dofinansowanie do karnetów na zajęcia sportowe; Dofinansowanie do kultury i sportu; Bonus urodzinowy; Owocowe środy. Prześlij swoje CV wraz z listem motywacyjnym za pomocą Aplikuj, w temacie wpisz nazwę stanowiska.'),(28,1,12,2,3,'Specjalista ds. Employer Brandingu','Warszawa',3400,'Dla naszego Klienta – firmy z branży tradingowej – poszukujemy obecnie osoby gotowej do tworzenia marki pracodawcy na stanowisku:   Employer Branding Specialist   Do zadań osoby zatrudnionej na tym stanowisku będzie należało tworzenie i realizacja strategii EB firmy, w tym również współpraca z wybranymi uczelniami i studentami: organizacja i udział w wydarzeniach studenckich (targi pracy, warsztaty, wykłady, szkolenia) i koordynacja programu ambasadorskiego firmy dla studentów.    Osoba ta będzie również odpowiedzialna za współpracę przy tworzeniu kampanii promocyjnych online, jak również wsparcie w procesach rekrutacyjnych, przy sesjach Assessment Centre, oraz przygotowywanie materiałów komunikacji wewnętrznej i zewnętrznej.   Wymagania naszego Klienta wobec kandydatów to przede wszystkim min. roczne doświadczenie na analogicznym stanowisku (optymalnie do 2 lat), a także duża samodzielność i proaktywna postawa. Poszukujemy osób potrafiących planować, ustalać priorytety, a jednocześnie łatwo nawiązujących kontakty z innymi, otwartych i kreatywnych, z pozytywną energią.   Kandydaci powinni znać jezyk angielski na poziomie umożliwiającym swobodną komunikację (B2). Znajomość języka rosyjskiego lub ukraińskiego będzie dodatkowym atutem.   Klient oferuje umowę o pracę na okres 1,5 roku, pakiet benefitów pozapłacowych (karta multisport, opieka medyczna, kursy angielskiego, świeże owoce w biurze) jak również możliwość rozwoju w obszarze EB w międzynarodowym środowisku i miłym zespole, w dogodnej lokalizacji w centrum Warszawy.'),(29,1,13,2,3,'Quality Assurance Engineer','Gliwice',7000,'Kim jesteśmy?  OmniSquare to lider technologii SAP Hybris Commerce na rynku polskim. Nasi klienci to wiodące, polskie firmy branży telekomunikacyjnej, turystycznej i retail.  Kogo szukamy?  Kandydatów, którzy chcieliby rozwinąć swoje kompetencje w obszarze testowania oraz poznać technologie takie jak Selenium Webdriver czy platforma Hybris. Idealnie gdybyś miał/miała już znajomość zagadnień związanych z testowaniem oprogramowania. Nasz zespół zapewni Ci odpowiednie wsparcie, pomoc na start oraz przedstawi wszystkie tajniki owocnej współpracy z klientem.  Co jest dla nas ważne?  Zespół! Twój rozwój to nasz rozwój. Dlatego cenimy sobie dobrą atmosferę pracy i możliwość stałego poszerzania kompetencji. Nasz główny cel to budowanie zgranych zespołów doświadczonych inżynierów pracujących nad wiodącymi systemami e-commerce. Chcemy uczestniczyć w fascynujących polskich oraz międzynarodowych projektach zachowując przy tym charakter i atmosferę małej, zwinnej firmy.  WYNAGRODZENIE: 4000- 8000 zł brutto MIEJSCE PRACY: Gliwice Szukamy osoby, która: ma dobrą znajomość procesów związanych z testowaniem oprogramowania i zajmuje się tym co najmniej 2 lat, jest komunikatywna, ma ciągłą chęć do nauki i lubi wiedzieć ‘dlaczego’, uważa, że najlepsza praca to praca zespołowa, wie, że nie ma sytuacji bez wyjścia a do problemu podchodzi w sposób analityczny i kreatywny, miło jeśli potrafi komunikatywnie posługiwać się językiem angielskim.'),(30,1,13,2,3,'Pega Developer','Piła ',5000,'Opis stanowiska pracy:  Osoba na stanowisku będzie odpowiedzialna za projektowanie i konfigurację systemów oprogramowania w technologii Pega. Pega jest narzędziem do zarządzania procesami biznesowymi (BPM). Umożliwia szybsze projektowanie systemów informatycznych, wprowadzanie zmian do aplikacji i upraszcza integrację aplikacji biznesowych i automatyzację złożonych operacji biznesowych. Pega udostępnia wizualny interfejs użytkownika, który pozwala na korzystanie z narzędzi graficznych do budowy aplikacji – pisanie kodu nie jest konieczne.  Oferujemy:  Specjalistyczne szkolenie Pega Pracę w polsko - amerykańskim dziale IT liczącym ok 500 osób, ponad 130 specjalistów w Polsce Współpracę ze światowej klasy specjalistami w zakresie projektowania aplikacji Tworzenie aplikacji dla kilkudziesięciu tysięcy użytkowników w ponad 50 fabrykach na całym świecie Codzienną współpracę z kolegami z USA Jasno określoną ścieżkę rozwoju zawodowego Nowoczesne biuro w atrakcyjnej lokalizacji Gwarancję przyjaznej atmosfery i możliwość aktywności po pracy Umowę o pracę na czas nieokreślony Wymagania:  Podstawowa znajomość jednego z języków obiektowych programowania Podstawowa znajomość relacyjnych baz danych Umiejętność analitycznego myślenia i rozwiązywania problemów Umiejętność współpracy w zespole oraz szybkiego uczenia się Znajomość języka angielskiego umożliwiająca swobodną komunikację Mile widziane:  Znajomość jednego z systemów do zarządzania procesami biznesowymi (BPM)'),(31,1,14,2,3,'Operator Wypalarki Laserowej','śląskie',4000,'Oczekiwania: znajomość rysunku technicznego doświadczenie w pracy z wycinarką laserową posługiwanie się przyrządami pomiarowymi rzetelność i dokładność w wykonywaniu obowiązków mile widziane uprawnienia do obsługi suwnic sterowanych radiem z poziomu zerowego umiejętność pracy w zespole samodzielność i dokładność w wykonywaniu obowiązków gotowość do pracy w systemie zmianowym Oferujemy zatrudnienie w stabilnej i rozwijającej się firmie stabilne warunki zatrudnienia w oparciu o umowę o pracę ( po okresie próbnym) pracę w ogrzewanych halach produkcyjnych dobrą atmosferę pracy dodatkowe szkolenia i możliwości rozwoju kompetencji Możliwość Legalnej pracy za granicą do 5 miesięcy w ramach kontraktu wewnątrz Grupy - z perspektywą bardzo atrakcyjnego wynagrodzenia !!!'),(32,1,14,2,3,'Digital Design Engineer','Katowice',5900,'The IC Design Engineer’s primary responsibility will be the RTL design. This will include function definition, micro architectural specification, design, simulation, verification, and synthesis at module and subsystem levels.  As part of the System Design Enablement team at Cadence in Europe, the Digital Design Engineer will work closely with SoC architects and senior engineers, deploying Cadence technology in demanding customer projects, creating leading edge MPSoCs for automotive, networking, and IoT markets. The candidate should have: Degree in Electrical Engineering or Computer Science Good understanding of digital design flows from Spec2Gates Excellent knowledge of hardware description languages (Verilog, VHDL, SystemC) Previous experience with state-of-art RTL Design & Synthesis tools Strong motivation to learn quickly Cadence digital tools, flows and methodologies Working knowledge of UNIX/Linux, shells, programming and scripting Good communication skills and ability to work remotely Team player (fluent in English) Willingness to travel across Europe and work with customers Are you looking for continued professional development? Do you want to create solutions that will influence the development of technology and the shape of the world around you? If so, join our team!'),(33,1,15,2,3,'Junior IT Support with German','Wrocław',14000,'Experis jest globalną firmą doradztwa personalnego, adresowaną do specjalistów i kadry zarządzającej w obszarach: IT, inżynierii oraz finansów. Wykorzystując potencjał kandydatów zapewniamy im wszechstronny rozwój zawodowy, łącząc ich z wiodącymi na rynku pracodawcami. Każdą technologię można kupić, ale prawdziwą wartością w biznesie są ludzie. Pozwól nam pomóc w rozwoju Twojej zawodowej przyszłości. Dla jednego z naszych klientów poszukujemy osób na stanowisko: Junior IT Support with German Miejsce pracy: Wrocław | Opis stanowiska pracy: • Wsparcie techniczne użytkowników wewnętrznych w języku niemieckim i angielskim • Obsługa telefoniczna i mailowa użytkowników • Przetwarzanie informacji, kategoryzacja zadań i ustalanie priorytetów • Współpraca z zespołem developerów Oferta: • Stabilne zatrudnienie w oparciu o umowę o pracę na czas nieokreślony              • Możliwość rozwoju w międzynarodowym środowisku i codzienny kontakt z językami obcymi • Ciekawa, pełna wyzwań praca w ewoluującym środowisku • Zdobywanie doświadczenia w pracy z aplikacjami największych dostawców na rynku IT • Liczne szkolenia techniczne i w zakresie kompetencji „miękkich” w Polsce i w Niemczech • Pakiet benefitów (Medicover, Multisport) Wymagania: • Bardzo dobra znajomość języka niemieckiego niemieckiego (min. B2) • Bardzo dobra znajomość języka angielskiego (min. B2) • Dobra znajomość obsługi komputera • Komunikatywność oraz umiejętność pracy w zespole • Doświadczenie w  obsłudze klienta Mile widziane: wykształcenie wyższe techniczne/ doświadczenie w service desk,  znajomość  SAP, Lotus Notes, ITIL Osoby zainteresowane prosimy o przesyłanie aplikacji klikając w przycisk aplikowania.'),(34,1,16,1,2,'Kierownik Projektu SAP','Warszawa',15000,'soba zatrudniona odpowiedzialna będzie za: Zarządzanie projektami wdrożeniowymi SAP; Wsparcie procesu przygotowywania ofert oraz sprzedaży projektów; Rozwój metodologii zarządzania projektami SAP. Od kandydatów oczekujemy: Przekrojowej wiedzy na temat systemu SAP (powiązania i integracja międzymodułowa, platforma techniczna, przykłady wdrożeń); Doświadczenia w realizacji projektów wdrożeniowych jako kierownik projektów i/lub konsultant aplikacyjny SAP; Biegłej znajomości języka angielskiego (znajomość języka niemieckiego będzie dodatkowym atutem); Wyższego wykształcenia oraz prawa jazdy; Bardzo dobrych zdolności komunikacyjnych oraz umiejętności analitycznego myślenia; Wysoko rozwiniętych umiejętności interpersonalnych; Umiejętności pracy pod presją czasu. Oferujemy: Możliwość dalszego rozwoju zawodowego; Pracę w stabilnej, rosnącej, międzynarodowej firmie; Atrakcyjne wynagrodzenie adekwatne do osiąganych efektów; Bogaty pakiet benefitów (opieka medyczna, karta sportowa, szkolenia, certyfikaty, kursy językowe).'),(35,1,17,1,3,'Młodszy Specjalista ds. Zakupów','Warszawa',4500,'Wyzwania przed Tobą: Realizacja operacji magazynowych w systemie Microsoft Dynamics AX Wsparcie przebiegu procesów zakupowych – w tym realizacja zamówień Monitorowanie dokumentacji magazynowej i zakupowej Monitorowanie dostaw oraz jakości współpracy z dostawcami Inicjowanie projektów służących optymalizacji kosztów Sporządzanie niezbędnych raportów i zestawień dotyczących obszaru zakupów Pozyskiwanie ofert z rynku i ich weryfikacja Wsparcie w zakresie floty Oczekiwane umiejętności: Wykształcenie wyższe  Umiejętność pracy w zespole Bardzo dobra znajomość języka angielskiego Bardzo dobra znajomość obsługi komputera w zakresie MS Office Skrupulatność w prowadzeniu dokumentacji Terminowość, dobra organizacja czasu pracy Dociekliwość w szukaniu najkorzystniejszych ofert, szukanie nowych dostawców Doświadczenie w pracy w dziale zakupów będzie dodatkowym atutem'),(36,1,18,1,3,'Business Analyst - Centrum Programistyczne','Katowice',6700,'Wspólnie z Naszym Klientem, jedną z największych firm zajmującą się dostarczaniem treści sportowych on-line poszukujemy osoby na stanowisko Business Analyst.  Osoba ta będzie odpowiadać za:  analizę wymagań biznesowych i tworzenie specyfikacji definiowanie rozwiazań i potrzebnych ulepszeń na wszystkich platformach, na których produkt będzie dostępny współpracę z zespołami developerów, QA i biznesem komunikowanie oraz dokumentacje postępów w projekcie raportowanie do Senior Product Managera Wymagania  minimum dwuletnie doświadczenie na podobnym stanowisku umiejetność pracy w metodologii Agile dobra znajomość j. angielskiego umożliwiająca swobodną komunikację umiejętność modelowania procesow za pomoca UML znajomość BDD Gherkin mile widziane wykształcenie techniczne Korzyści  odpowiedzialne i samodzielne stanowisko w międzynarodowej firmie pakiet benefitów (m.in opieka medyczna, multisport) elastyczny czas pracy cykliczne workshopy i konferencje dla pracowników pokój do relaksu (Xbox, Wii, piłkarzyki) śniadanie w biurze (płatki, mleko, owoce) częste imprezy integracyjne i wyjścia firmowe'),(37,1,19,2,3,'Analityk materiałów z radia i telewizji','Poznań',4000,'Co będę robić?  Zza domowego biurka lub z domowej kanapy będziesz dla nas odsłuchiwać udostępnione nagrania radiowo-telewizyjne, jednocześnie wypisując najważniejsze słowa (tagi). Następnie będziesz łączyć systemowe definicje tagów z treścią materiałów.  Jakie cechy/umiejętności muszę posiadać?  PRZEDE WSZYSTKIM umiejętność szybkiego i bezbłędnego pisania na klawiaturze umiejętność rozumienia ze słuchu umiejętność czytania ze zrozumieniem zdolność skupienia uwagi przez dłuższy czas znajomość języka polskiego na poziomie C2 (informacja dla osób dla których język polski nie jest językiem ojczystym)  Czy otrzymam przeszkolenie?  Tak. Mamy przygotowany program szkolenia, który przygotowuje do podjęcia samodzielnej pracy. Nasi szkoleniowcy, Dorota i Włodek, pomogą Tobie we wszystkim. Jeżeli nie jesteś z Poznania, przeszkolimy Ciebie online.  Jakie dodatkowe wymogi muszę spełnić?  Musisz posiadać komputer ze stabilnym łączem internetowym o prędkości min. 5 Mb/s na jednego użytkownika oraz systemem operacyjnym Windows nowszym niż XP. Być gotowym do długoterminowej współpracy.  Dla kogo będę wykonywać zlecenie?  Dla PRESS-SERVICE Monitoring Mediów (www.psmm.pl). Mamy swoją siedzibę w Poznaniu i oddział w Warszawie. Współpracujemy z ponad 300 osobami i razem tworzymy firmę będącą liderem w swojej branży. Analizujemy ponad 1100 tytułów prasowych, 100 stacji radiowych i telewizyjnych, 5mln źródeł internetowych, social media, polskie i zagraniczne serwisy informacyjne!  W jakich dniach mogę wykonywać zlecenie?  Zadania będziesz wykonywać w od poniedziałku do piątku. W jednym tygodniu w godzinach 06:00-14:00 w kolejnym 14:30-22:30 i tak na zmianę.  Jak mogę zostać waszym współpracownikiem?  Kliknij przycisk aplikuj, wypełnij formularz i załącz CV. Skontaktujemy się z wybranymi kandydatami. Kolejnym etapem jest wypełnienie testu kompetencji online, rozmowa rekrutacyjna (dla osób spoza Poznania online), szkolenie i jesteś na pokładzie!  Co zyskam pracując w PRESS-SERVICE Monitoring Mediów?  wynagrodzenie uzależnione od wydajności, ale nie mniejsze niż 13zł/brutto za godzinę ciekawe zlecenie z materiałami radiowymi i telewizyjnymi stabilną współpracę w długim okresie pracę w pełni zdalną nabędziesz doświadczenie w dziedzinie media intelligence będziesz zawsze na bieżąco z informacjami z kraju i świata'),(38,1,20,2,3,'Kupiec Projektowy','Warszawa',6000,'Dla naszego klienta międzynarodowej firmy z branży zarządzania nieruchomościami poszukujemy obecnie Kandydatów do pracy na okres 5-6 miesięcy (zastępstwo), z realną możliwością nawiązania stałej współpracy na stanowisku Kupca Projektowego    Do zadań osoby na oferowanym stanowisku będzie należało strategiczne zarządzanie projektami zakupowymi dla klienta z branży FMCG w regionie EMEA, w tym planowanie działań mających na celu pozyskanie projektu, identyfikacja i wstępna kwalifikacja dostawców, negocjowanie warunków współpracy (koszty, jakość, harmonogram), zarządzanie relacjami z dostawcami i kontrola uzgodnionych warunków, dbałość o zgodność projektu z przepisami wewnętrznymi, analiza i identyfikacja ryzyka, przygotowywanie i aktualizowanie raportów oraz bieżące wsparcie pracy działu.   Od Kandydatów oczekujemy minimum 2-3 letniego doświadczenia w obszarze zakupów projektowych i/lub inwestycyjnych w środowisku korporacyjnym lub międzynarodowym, biegłej znajomości języka angielskiego oraz niemieckiego (warunek konieczny), wykształcenia wyższego (mile widziane kierunki techniczne i inżynierskie), bardzo dobrej znajomość środowiska MS Office (Excel) oraz znajomości systemu SAP. Poszukujemy osób o doskonałej organizacji pracy własnej, rozwiniętych zdolnościach negocjacyjnych, komunikacyjnych i analitycznych.      Nasz Klient oferuje pełną wyzwań pracę w międzynarodowym środowisku, atrakcyjne warunki zatrudnienia oraz możliwości dalszego rozwoju zawodowego przy nawiązaniu stałej współpracy.'),(39,1,21,2,3,'Starszy Prawnik','Warszawa',3600,'Wymagania:  co najmniej 3–6-letnie doświadczenie w transakcjach finansowania w departamentach bankowości i finansów renomowanych kancelarii (warunek konieczny); biegła znajomość języka angielskiego w mowie i piśmie, w tym praktyczna znajomość angielskiej terminologii prawnej (warunek konieczny); mile widziana znajomość drugiego języka obcego w stopniu bardzo dobrym; uprawnienia Radcy Prawnego/Adwokata będą dodatkowym atutem; umiejętność pracy w zespole; kreatywność i determinacja w osiąganiu postawionych sobie celów; dyspozycyjność i odporność na stres; wielozadaniowość. Oferujemy:  możliwość rozwoju i zdobywania nowych umiejętności w środowisku, które stawia na profesjonalizm; możliwość uczestniczenia w ciekawych i prestiżowych projektach, w tym również międzynarodowych; udział w projektach rozwojowych, m.in. szkoleniach wewnętrznych i zewnętrznych; w pełni sfinansowaną przez firmę prywatną opiekę medyczną na poziomie VIP; dofinansowanie do pakietu sportowego; atrakcyjne wynagrodzenie.'),(40,1,22,2,3,'Operator wypalarki plazmowej CNC','śląskie',6000,'Oczekiwane niezbędne doświadczenie zawodowe i kwalifikacje: obsługa wypalarki acetylenowo – tlenowej CNC doświadczenie zawodowe na takim stanowisku znajomość rysunku technicznego wykonywanie części zleconych na podstawie rysunku technicznego posługiwanie się przyrządami pomiarowymi pomiar wykonywanych elementów czyszczenie i konserwowanie obsługiwanych maszyn, urządzeń i przyrządów umiejętność pracy  w grupie gotowość do pracy w systemie zmianowym  Mile widziane: doświadczenie w pracy z narzędziami ślusarskimi uprawnienia do cięcia acetylenem i tlenem uprawnienia do obsługi suwnic z poziomu zerowego Naszym Pracownikom oferujemy: pracę w stabilnej i rozwijającej się firmie wynagrodzenie adekwatne do osiągniętych wyników stabilne warunki zatrudnienia w oparciu o umowę o pracę (po okresie próbnym) pracę w ogrzewanych halach produkcyjnych dobrą atmosferę pracy'),(41,1,23,2,3,'Projektant Graficzny','Łódź ',5000,'Opis Stanowiska:  Współpraca w ramach zespołów UX i Frontend realizujących projekty IT dla największych firm polskich i zagranicznych, Przygotowywanie projektów graficznych GUI portali, systemów sprzedażowych, app mobilnych, grafiki na potrzeby digital, Uczestniczenie w spotkaniach projektowych, Uzgadnianie i analiza wymagań GUI i UX naszych klientów.'),(42,1,23,2,3,'Grafik','Warszawa',3600,'ZAKRES WSPÓŁPRACY BĘDZIE OBEJMOWAŁ:  Tworzenie kampanii online, od koncepcji do realizacji  Przygotowanie materiałów produkcyjnych, w tym również materiałów do druku Tworzenie prezentacji, ofert handlowych  CZEGO OD CIEBIE OCZEKUJEMY:  Min. rocznego doświadczenia w pracy na stanowisku grafika w agencjach reklamowych, wydawnictwach  lub w dziale marketingu Biegłej znajomości pakietu Adobe (Photoshop, Illustrator, InDesign, Flash), umieętności przygotowywania grafik w html, css. Znajomości programu After Effects. Mile widziana znajomość programu Power Point. Umiejętności graficznej obróbki zdjęć Wykształcenia minimum średniego kierunkowego Kreatywności, niestandardowego myślenia w podejściu do realizowanych projektów Samodzielności i umiejętności pracy pod presją czasu Dobrej organizacji pracy  OFERUJEMY:  Współpracę z największą prywatną grupą medialną w Polce w ramach umowy cywilno-prawnej Możliwość wykupienia na preferencyjnych warunkach prywatnej opieki medycznej oraz karty Multisport Dodatek w postaci dofinasowania do posiłków (karta Sodexo) Możliwość przebywania w nowoczesnej przestrzeni biurowej, w tym m.in. różnorodne strefy pracy i odpoczynku: bar, kawiarnie (Costa Coffee), kantyna, bar sushi Możliwość współpracy w międzynarodowym środowisku Możliwość działania w kompetentnym, zgranym zespole, otwartym na dzielenie się wiedzą wyjątkową kulturę organizacyjną'),(43,1,24,2,3,'Koordynator projektów unijnych','Kraków',3000,'Zakres obowiązków:  zarządzanie realizacją projektów od strony merytorycznej i finansowej – projekty EFS (RPO i POWER) realizacja zadań w projektach zgodnie założeniami wniosków o dofinansowanie oraz zasadami realizacji projektów w ramach EFS realizacja zadań zgodnie z wyznaczonymi harmonogramami w projektach koordynacja prac członków zespołu projektowego realizacja działań informacyjno-rekrutacyjnych w projektach wybór podwykonawców do realizacji zadań w projektach zgodnie z obowiązującymi przepisami organizacja i nadzór nad realizacją wsparcia merytorycznego w projektach (szkolenia, poradnictwo, staże, itd.) rozliczanie projektu i przygotowywanie wniosków o płatność przygotowywanie umów, dokumentacji projektowej, raportów prowadzenie i monitoring wskaźników, harmonogramu, budżetu zarządzanie ryzykiem w projektach uczestnictwo w prowadzonych działaniach kontrolnych i wdrażanie działań pokontrolnych Wymagania:  minimum 2-letnie doświadczenie w realizacji projektów EFS wykształcenie wyższe znajomość zasad wdrażania i realizacji projektów dofinansowanych ze środków EFS w ramach perspektywy 2014-2020 praktyczna umiejętność tworzenia dokumentów, umów, formularzy, zestawień, itp. bardzo dobra obsługa komputera i Internetu oraz urządzeń biurowych samodzielność, odpowiedzialność, dokładność – własna inicjatywa umiejętność pracy pod presją czasu umiejętność dostrzegania problemów, przeprowadzania analizy, generowania adekwatnych rozwiązań czynne prawo jazdy kat. B doświadczenie z zakresu pozyskiwania środków zewnętrznych będzie dodatkowym atutem Oferujemy:  Umowę o pracę lub współpracę Możliwość wielowymiarowego rozwoju zawodowego i awansu Pracę w ambitnym, motywującym i serdecznym zespole Atrakcyjne wynagrodzenie'),(44,1,25,2,3,'SPRZEDAWCA','Łomianki',2000,'Pracując na tym stanowisku odpowiadasz za profesjonalną obsługę naszych klientek, przyczyniając się tym samym do realizacji planów sprzedażowych. Będziesz zajmować się wizualizacją sklepu i promocją kolekcji zgodnie z naszą polityką merchandisingu.   Jesteś idealną osobą, jeśli:  szukasz stałej i stabilnej, ale dynamicznej pracy pozwalającej na ciągły kontakt z ludźmi, umiesz pracować w zespole i przyczyniać się do realizacji wyznaczonego celu, cenisz sobie wyzwania oraz stawiasz na ciągły rozwój, masz doświadczenie w sprzedaży (branża odzieżowa, kosmetyczna, …) lub chcesz to doświadczenie zdobyć, moda jest Twoją pasją, chcesz podjąć pracę w niepełnym wymiarze godzin.  Dlaczego warto?  Ponieważ oferujemy stabilne zatrudnienie w międzynarodowej firmie, która stawia na relacje między ludźmi – proste naturalne i szczere. Pozwala to każdemu z nas ukazać swój potencjał i w pełni rozwijać siebie zgodnie z wartościami Camaieu.'),(45,1,26,2,3,'Spedytor','Mszczonów',3000,'Podstawowe obowiązki stanowiska:  pozyskiwanie i sprzedaż zleceń spedycyjnych, negocjacja warunków współpracy z klientami; poszukiwanie nowych zleceniodawców spedycyjnych w celu optymalizacji kosztów floty firmowej; poszerzanie bazy przewoźników spedycyjnych, utrzymywanie dobrych relacji z obecnymi partnerami; współpraca przy planowaniu transportów .  Wymagania:  co najmniej roczne doświadczenie na stanowisku spedytora międzynarodowego (warunek konieczny); wiedza z zakresu realizacji usług transportowych i spedycyjnych, przepisów prawa przewozowego; komunikatywność, umiejętność współpracy; umiejętność efektywnej pracy pod presją czasu i stresu; umiejętność podejmowania szybkich i trafnych decyzji. '),(46,1,27,2,3,'Młodszy Specjalista ds. Księgowośc','Gdańsk',4000,'Grupę ERGO Hestia tworzą dwie spółki ubezpieczeniowe: STU ERGO Hestia SA i STU na Życie ERGO Hestia SA. Spółki Grupy oferują ubezpieczenia dla klientów indywidualnych w zakresie ochrony majątku i życia, a także dla przemysłu oraz małego i średniego biznesu. ERGO Hestia to jedno z trzech największych towarzystw ubezpieczeń w Polsce, które wielokrotnie wyznaczało kierunki rozwoju polskiego rynku ubezpieczeniowego i zdobywało uznanie klientów oraz partnerów biznesowych dzięki innowacyjności i wysokiej jakości likwidacji szkód. Naszym akcjonariuszem jest drugie pod względem wielkości niemieckie konsorcjum ubezpieczeniowe ERGO, należące do grupy kapitałowej największego reasekuratora na świecie - Munich Re.   ERGO Hestia może poszczycić się tytułem Solidnego Pracodawcy 2016 oraz Lidera Informatyki 2017.'),(47,1,31,2,3,'Doradca Klienta Biznesowego','Świebodzin',3000,'Dołącz do zmiany Którą zapoczątkował FORTUM, jeden z największych koncernów energetycznych na Świecie. Jesteśmy firmą energetyczną, która działa w oparciu o wspólnie tworzone wartości. Dajemy ludziom podobnym do nas możliwość rozwijania się w dynamicznym środowisku sprzedaży  sprzedaży energii i gazu. Wytwarzamy najczystszą energię w Europie. Dzięki ludziom, którzy tworzą tą organizację zbudowaliśmy najlepszą sieć sprzedaży w Polsce. JEŻELI UWAŻASZ, ŻE JESTEŚ DOBRY - BYĆ MOŻE AKURAT TO TEN MOMENT ABYŚ SPRAWDZIŁ I DOŁĄCZYŁ DO ZMIANY'),(48,1,31,2,3,'Fortum Sprzedaż','Sulechów',2000,'Dołącz do zmiany Którą zapoczątkował FORTUM, jeden z największych koncernów energetycznych na Świecie. Jesteśmy firmą energetyczną, która działa w oparciu o wspólnie tworzone wartości. Dajemy ludziom podobnym do nas możliwość rozwijania się w dynamicznym środowisku sprzedaży  sprzedaży energii i gazu. Wytwarzamy najczystszą energię w Europie. Dzięki ludziom, którzy tworzą tą organizację zbudowaliśmy najlepszą sieć sprzedaży w Polsce. JEŻELI UWAŻASZ, ŻE JESTEŚ DOBRY - BYĆ MOŻE AKURAT TO TEN MOMENT ABYŚ SPRAWDZIŁ I'),(49,1,31,2,3,'Fortum Sprzedaż','Sulechów',2900,'Dołącz do zmiany Którą zapoczątkował FORTUM, jeden z największych koncernów energetycznych na Świecie. Jesteśmy firmą energetyczną, która działa w oparciu o wspólnie tworzone wartości. Dajemy ludziom podobnym do nas możliwość rozwijania się w dynamicznym środowisku sprzedaży  sprzedaży energii i gazu. Wytwarzamy najczystszą energię w Europie. Dzięki ludziom, którzy tworzą tą organizację zbudowaliśmy najlepszą sieć sprzedaży w Polsce.'),(50,1,31,2,3,'Doradca Klienta Biznesowego','Międzyrzecz',5000,'Dołącz do zmiany Którą zapoczątkował FORTUM, jeden z największych koncernów energetycznych na Świecie. Jesteśmy firmą energetyczną, która działa w oparciu o wspólnie tworzone wartości. Dajemy ludziom podobnym do nas możliwość rozwijania się w dynamicznym środowisku sprzedaży  sprzedaży energii i gazu.'),(51,1,31,2,3,'Kierownik Sekcji Przygotowania Inwestycji','Gorzow Wielkopolski',4000,'Opis zadań na stanowisku: organizowanie, kierowanie i nadzorowanie pracy podległej komórki organizacyjnej, realizacja standardów i zasad w zakresie przygotowania inwestycji i remontów, odpowiedzialność za przygotowywanie do realizacji zadań określonych w Planie Inwestycji i Planie Remontów, odpowiedzialność za przygotowywanie opisu przedmiotu zamówienia i projektów umów na wykonanie prac geodezyjnych, projektowych, robót budowlano-montażowych oraz innych niezbędnych umów do realizacji poszczególnych zadań inwestycyjnych i remontowych (w tym nadzór inwestorski zewnętrzny), odpowiedzialność za zapewnienie dokumentacji projektowo-kosztorysowej dla planowanych inwestycji i remontów wraz z wymaganymi uzgodnieniami, pozwoleniami i decyzjami administracyjnymi, współpraca z użytkownikami terenu, podmiotami ubiegającymi się o przyłączenie, urzędami na etapie przygotowania zadania. Wymagania kwalifikacyjne:  minimum 2 lata doświadczenia zawodowego w pracy o tym samym profilu specjalizacji, w tym 1 rok na stanowiskach menadżerskich, koordynujących lub samodzielnych, wykształcenie wyższe zarządzanie lub techniczne (np. Inżynieria Gazownictwa), znajomość prawa energetycznego i budowlanego, wiedza z zakresu zarządzania projektami inwestycyjnymi, znajomość rynku energii, zdolność dokonywania analizy i syntezy informacji pozyskiwanych ze źródeł wewnętrznych i zewnętrznych znajomość pakietu MS Office (Word, Excel, PowerPoint, Outlook), prawo jazdy kat. B, pożądane Uprawnienia budowlane w specjalności instalacyjnej w zakresie sieci, instalacji i urządzeń cieplnych, wentylacyjnych, gazowych, wodociągowych i kanalizacyjnych bez ograniczeń do projektowania w specjalizacjach: sieci, instalacje i urządzenia gazowe, pożądane Uprawnienia budowlane w specjalności instalacyjnej w zakresie sieci, instalacji i urządzeń cieplnych, wentylacyjnych, gazowych, wodociągowych i kanalizacyjnych bez ograniczeń do kierowania robotami budowlanymi w specjalizacjach: sieci, instalacje i urządzenia gazowe,'),(52,1,31,2,3,'Elektryk - Elektromechanik - Automatyk','Ustka',4000,'Zadania:  zapewnienie prawidłowego funkcjonowania maszyn i urządzeń  w tym bieżąca obsługa i nadzór, podłączenie urządzeń i maszyn do sieci elektrycznej  oraz ustalenie i utrzymanie zadanych parametrów pracy urządzeń, zapewnienie bezpiecznej pracy, właściwego stanu  technicznego oraz wydajności  urządzeń i maszyn produkcyjnych, uczestnictwo w akcjach likwidacji  awarii oraz usuwanie ich skutków na teranie zakładu, wykonywanie bieżących napraw, przeglądów technicznych oraz  przeglądów prewencyjnych w maszynach i urządzeniach  zgodnie z przyjętych harmonogramem. Wymagania:  wyksztalcenie kierunkowe o profilu elektrycznym lub elektromechanicznym uprawnienia SEP do 1 kV, a także umiejętność czytania schematów elektrycznych, wiedza teoretyczna i praktyczna na temat funkcjonowania urządzeń mechanizmów, umiejętność rozwiązywania problemów technicznych i eksploatacyjnych, gotowość do dalszego rozwoju i zdobywanie doświadczeń w obszarze maszyn i urządzeń przemysłowych, podstawowa znajomość elementów automatyki, sterowniki PLC, falowniki mile widziana praktyczna znajomość pakietu MS Office'),(53,1,31,2,3,'Elektryk - Elektromechanik - Automatyk','Duninowo',4009,'Zadania:  zapewnienie prawidłowego funkcjonowania maszyn i urządzeń  w tym bieżąca obsługa i nadzór, podłączenie urządzeń i maszyn do sieci elektrycznej  oraz ustalenie i utrzymanie zadanych parametrów pracy urządzeń, zapewnienie bezpiecznej pracy, właściwego stanu  technicznego oraz wydajności  urządzeń i maszyn produkcyjnych, uczestnictwo w akcjach likwidacji  awarii oraz usuwanie ich skutków na teranie zakładu, wykonywanie bieżących napraw, przeglądów technicznych oraz  przeglądów prewencyjnych w maszynach i urządzeniach  zgodnie z przyjętych harmonogramem. Wymagania:  wyksztalcenie kierunkowe o profilu elektrycznym lub elektromechanicznym uprawnienia SEP do 1 kV, a także umiejętność czytania schematów elektrycznych, wiedza teoretyczna i praktyczna na temat funkcjonowania urządzeń mechanizmów, umiejętność rozwiązywania problemów technicznych i eksploatacyjnych, gotowość do dalszego rozwoju i zdobywanie doświadczeń w obszarze maszyn i urządzeń przemysłowych, podstawowa znajomość elementów automatyki, sterowniki PLC, falowniki mile widziana praktyczna znajomość pakietu MS Office'),(54,1,31,3,3,'Doradca ','Jasło',12000,'Opis zadań na stanowisku:  przeprowadzanie badań potencjału rynku odbiorców paliwa gazowego poprzez identyfikację potencjału badanych podmiotów, aktywne i efektywne poszukiwanie potencjalnych klientów i możliwości biznesowych w zakresie rozwoju sieci gazowej poprzez budowanie relacji z władzami samorządowymi, zapewnianie rozwoju i utrzymanie bazy danych potencjalnych klientów, doradztwo klientom w zakresie optymalizacji wykorzystania paliwa gazowego, w tym w zakresie porównania kosztów mediów substytucyjnych, zapewnianie kompleksowej obsługi kluczowych klientów w trakcie realizacji procesu przyłączania, w tym aktywne informowanie Klienta o postępie prac oraz terminach kolejnych kroków realizowanych inwestycji, nadzorowanie sporządzania analiz techniczno – ekonomicznych w celu oceny potencjału rynku oraz rekomendowanie listy priorytetowych zadań inwestycyjnych, utrzymywanie stałych, otwartych, wiarygodnych relacji biznesowych z kluczowymi klientami oraz z nowymi potencjalnymi klientami, opracowywanie i aktualizowanie raportu oceny perspektywy rozwoju rynku w zakresie nowych przyłączeń, cykliczne sporządzanie raportów i sprawozdań na potrzeby zarządzających. Wymagania kwalifikacyjne:  minimum dwa lata doświadczenia zawodowego w pracy o podobnym profilu specjalizacji, mile widziane doświadczenie w obsłudze klientów biznesowych, wykształcenie wyższe, prawo jazdy kat. B, komunikatywność i swoboda w budowaniu długoterminowych relacji z klientami, znajomość rynku gazu i energii, dobra organizacja pracy własnej, znajomość pakietu MS Office (Word, Excel, PowerPoint, Outlook).');
/*!40000 ALTER TABLE `ogloszenie` ENABLE KEYS */;
UNLOCK TABLES;

--
-- Table structure for table `stanowisko`
--

DROP TABLE IF EXISTS `stanowisko`;
/*!40101 SET @saved_cs_client     = @@character_set_client */;
/*!40101 SET character_set_client = utf8 */;
CREATE TABLE `stanowisko` (
  `id_stanowisko` int(11) NOT NULL AUTO_INCREMENT,
  `nazwa` varchar(30) COLLATE utf32_polish_ci NOT NULL,
  PRIMARY KEY (`id_stanowisko`)
) ENGINE=InnoDB AUTO_INCREMENT=7 DEFAULT CHARSET=utf32 COLLATE=utf32_polish_ci;
/*!40101 SET character_set_client = @saved_cs_client */;

--
-- Dumping data for table `stanowisko`
--

LOCK TABLES `stanowisko` WRITE;
/*!40000 ALTER TABLE `stanowisko` DISABLE KEYS */;
INSERT INTO `stanowisko` VALUES (1,'Dyrektor / Prezes'),(2,'Kierownik'),(3,'Specjalista'),(4,'Asystent'),(5,'Praktykant / Stażysta'),(6,'Pracownik fizyczny');
/*!40000 ALTER TABLE `stanowisko` ENABLE KEYS */;
UNLOCK TABLES;

--
-- Table structure for table `uzytkownik`
--

DROP TABLE IF EXISTS `uzytkownik`;
/*!40101 SET @saved_cs_client     = @@character_set_client */;
/*!40101 SET character_set_client = utf8 */;
CREATE TABLE `uzytkownik` (
  `id_uzytkownik` int(11) NOT NULL AUTO_INCREMENT,
  `login` text COLLATE utf32_polish_ci NOT NULL,
  `haslo` text COLLATE utf32_polish_ci NOT NULL,
  PRIMARY KEY (`id_uzytkownik`)
) ENGINE=InnoDB AUTO_INCREMENT=6 DEFAULT CHARSET=utf32 COLLATE=utf32_polish_ci;
/*!40101 SET character_set_client = @saved_cs_client */;

--
-- Dumping data for table `uzytkownik`
--

LOCK TABLES `uzytkownik` WRITE;
/*!40000 ALTER TABLE `uzytkownik` DISABLE KEYS */;
INSERT INTO `uzytkownik` VALUES (1,'admin','admin'),(2,'patryk','patryk'),(3,'adam','adam'),(5,'andrzej','andrzej');
/*!40000 ALTER TABLE `uzytkownik` ENABLE KEYS */;
UNLOCK TABLES;
/*!40103 SET TIME_ZONE=@OLD_TIME_ZONE */;

/*!40101 SET SQL_MODE=@OLD_SQL_MODE */;
/*!40014 SET FOREIGN_KEY_CHECKS=@OLD_FOREIGN_KEY_CHECKS */;
/*!40014 SET UNIQUE_CHECKS=@OLD_UNIQUE_CHECKS */;
/*!40101 SET CHARACTER_SET_CLIENT=@OLD_CHARACTER_SET_CLIENT */;
/*!40101 SET CHARACTER_SET_RESULTS=@OLD_CHARACTER_SET_RESULTS */;
/*!40101 SET COLLATION_CONNECTION=@OLD_COLLATION_CONNECTION */;
/*!40111 SET SQL_NOTES=@OLD_SQL_NOTES */;

-- Dump completed on 2017-12-06 20:41:24
